{"cameraMode":{"drawMode":0,"name":"Shaded","section":"Shading Mode"},"sceneLighting":true,"audioPlay":false,"sceneViewState":{"showFog":true,"showMaterialUpdate":false,"showSkybox":true,"showFlares":true,"showImageEffects":true,"showParticleSystems":true},"in2DMode":false,"pivot":{"x":0.31662893295288088,"y":1.740610957145691,"z":-0.2824767529964447},"rotation":{"x":-0.22558671236038209,"y":-0.6461764574050903,"z":0.20862244069576264,"w":-0.6986373662948608},"size":12.300151824951172,"orthographic":false}