{"cameraMode":{"drawMode":0,"name":"Shaded","section":"Shading Mode"},"sceneLighting":true,"audioPlay":false,"sceneViewState":{"showFog":true,"showMaterialUpdate":false,"showSkybox":true,"showFlares":true,"showImageEffects":true,"showParticleSystems":true},"in2DMode":false,"pivot":{"x":-14.81187629699707,"y":-5.075263977050781,"z":5.189855575561523},"rotation":{"x":-0.21223828196525575,"y":0.49581900238990786,"z":-0.1258949637413025,"w":-0.8327791094779968},"size":18.797134399414064,"orthographic":false}