{"cameraMode":{"drawMode":0,"name":"Shaded","section":"Shading Mode"},"sceneLighting":true,"audioPlay":false,"sceneViewState":{"showFog":true,"showMaterialUpdate":false,"showSkybox":true,"showFlares":true,"showImageEffects":true,"showParticleSystems":true},"in2DMode":false,"pivot":{"x":-32.31507873535156,"y":-32.227500915527347,"z":-18.39042091369629},"rotation":{"x":-0.16233420372009278,"y":0.8219411373138428,"z":-0.28732845187187197,"w":-0.46428945660591128},"size":28.06700897216797,"orthographic":false}